create database if not exists talent default charset utf8;
use talent;

DROP TABLE IF EXISTS `menu`;
CREATE TABLE `menu` (
  `id` int(11) NOT NULL AUTO_INCREMENT,
  `name` varchar(128) NOT NULL,
  `parent` int(11) DEFAULT NULL,
  `route` varchar(256) DEFAULT NULL,
  `order` int(11) DEFAULT NULL,
  `data` text,
  PRIMARY KEY (`id`),
  FOREIGN KEY (`parent`) REFERENCES `menu` (`id`) ON DELETE SET NULL ON UPDATE CASCADE
) ENGINE=InnoDB AUTO_INCREMENT=1 DEFAULT CHARSET=utf8 COMMENT='系统管理员菜单权限表\r\n';

DROP TABLE IF EXISTS `auth_rule`;
CREATE TABLE `auth_rule` (
  `name` varchar(64) NOT NULL,
  `data` text,
  `created_at` int(11) DEFAULT NULL,
  `updated_at` int(11) DEFAULT NULL,
  PRIMARY KEY (`name`)
) ENGINE=InnoDB DEFAULT CHARSET=utf8 COMMENT='管理员权限规则表';

DROP TABLE IF EXISTS `auth_item`;
CREATE TABLE `auth_item` (
  `name` varchar(64) NOT NULL,
  `type` int(11) NOT NULL,
  `description` text,
  `rule_name` varchar(64) DEFAULT NULL,
  `data` text,
  `created_at` int(11) DEFAULT NULL,
  `updated_at` int(11) DEFAULT NULL,
  PRIMARY KEY (`name`),
  FOREIGN KEY (`rule_name`) REFERENCES `auth_rule` (`name`) ON DELETE SET NULL ON UPDATE CASCADE,
  KEY `type` (`type`)
) ENGINE=InnoDB DEFAULT CHARSET=utf8 COMMENT='管理权权限条目';

DROP TABLE IF EXISTS `auth_item_child`;
CREATE TABLE `auth_item_child` (
  `parent` varchar(64) NOT NULL,
  `child` varchar(64) NOT NULL,
  PRIMARY KEY (`parent`,`child`),
  foreign key (`parent`) references `auth_item` (`name`) on delete cascade on update cascade,
  foreign key (`child`) references `auth_item` (`name`) on delete cascade on update cascade
) ENGINE=InnoDB DEFAULT CHARSET=utf8 COMMENT='管理员权限关系表';

DROP TABLE IF EXISTS `auth_assignment`;
CREATE TABLE `auth_assignment` (
  `item_name` varchar(64) NOT NULL,
  `user_id` varchar(64) NOT NULL,
  `created_at` int(11) DEFAULT NULL,
  PRIMARY KEY (`item_name`,`user_id`),
  FOREIGN KEY (`item_name`) REFERENCES `auth_item` (`name`) ON DELETE CASCADE ON UPDATE CASCADE
) ENGINE=InnoDB DEFAULT CHARSET=utf8 COMMENT='管理员授权表';

INSERT INTO `menu` (`name`, `parent`, `route`, `order`, `data`) VALUES
('首页',NULL,NULL,NULL,NULL),
('广告列表',1,'/ad/index',NULL,NULL),
('人才政策',1,'/policy/index',NULL,NULL),
('待遇享受',1,'/welfare/index',NULL,NULL),
('求职招聘',1,NULL,NULL,NULL),
('招聘列表',5,'/recruit/index',NULL,NULL),
('应聘列表',5,'/applier/index',NULL,NULL),
('申报中心',1,'/project/index',NULL,NULL),
('项目合作',1,'/cooperation/index',NULL,NULL),
('研发平台',1,NULL,NULL,NULL),
('科研动态',10,'/devtrends/index',NULL,NULL),
('科研平台',10,'/devplat/index',NULL,NULL),
('设备共享',10,'/deviceshare/index',NULL,NULL),
('交流培训',1,'/activity/index',NULL,NULL),
('人才展示',1,'/talent/index',NULL,NULL),
('供需信息',1,'/demandinfo/index',NULL,NULL),
('资讯中心',NULL,NULL,NULL,NULL),
('资讯列表',17,'/news/index',NULL,NULL),
('生活服务',NULL,NULL,NULL,NULL),
('酒店管理',19,NULL,NULL,NULL),
('酒店列表',20,'/hotel/index',NULL,NULL),
('房间列表',20,'/room/index',NULL,NULL),
('订单列表',20,'/order/index',NULL,NULL),
('景区管理',19,NULL,NULL,NULL),
('景区列表',24,'/scenic/index',NULL,NULL),
('景区订单列表',24,'/scenicorder/index',NULL,NULL),
('VIP通道管理',19,NULL,NULL,NULL),
('VIP通道列表',27,'/vip/index',NULL,NULL),
('VIP通道订单',27,'/viporder/index',NULL,NULL),
('其他服务',19,NULL,NULL,NULL),
('其他服务列表',30,'/lifeservice/index',NULL,NULL),
('系统管理',NULL,NULL,NULL,NULL),
('用户管理',32,'/admin/assignment/index',0,NULL),
('菜单管理',32,'/admin/menu/index',1,NULL),
('权限管理',32,'/admin/permission/index',NULL,NULL),
('角色管理',32,'/admin/role/index',NULL,NULL),
('路由管理',32,'/admin/route/index',NULL,NULL),
('规则管理',32,'/admin/rule/index',NULL,NULL);

INSERT INTO `auth_item` (`name`, `type`, `description`, `rule_name`, `data`, `created_at`, `updated_at`) VALUES
                ('/admin/*', 2, NULL, NULL, NULL, 1457330826, 1457330826),
                ('/admin/assignment/*', 2, NULL, NULL, NULL, 1457330826, 1457330826),
                ('/admin/assignment/assign', 2, NULL, NULL, NULL, 1457330826, 1457330826),
                ('/admin/assignment/create', 2, NULL, NULL, NULL, 1457521995, 1457521995),
                ('/admin/assignment/delete', 2, NULL, NULL, NULL, 1458010804, 1458010804),
                ('/admin/assignment/index', 2, NULL, NULL, NULL, 1457330826, 1457330826),
                ('/admin/assignment/search', 2, NULL, NULL, NULL, 1457330826, 1457330826),
                ('/admin/assignment/update', 2, NULL, NULL, NULL, 1458010804, 1458010804),
                ('/admin/assignment/view', 2, NULL, NULL, NULL, 1457330826, 1457330826),
                ('/admin/default/*', 2, NULL, NULL, NULL, 1457330826, 1457330826),
                ('/admin/default/index', 2, NULL, NULL, NULL, 1457330826, 1457330826),
                ('/admin/log/*', 2, NULL, NULL, NULL, 1468288689, 1468288689),
                ('/admin/log/index', 2, NULL, NULL, NULL, 1468288689, 1468288689),
                ('/admin/log/view', 2, NULL, NULL, NULL, 1468288689, 1468288689),
                ('/admin/menu/*', 2, NULL, NULL, NULL, 1457330826, 1457330826),
                ('/admin/menu/create', 2, NULL, NULL, NULL, 1457330826, 1457330826),
                ('/admin/menu/delete', 2, NULL, NULL, NULL, 1457330826, 1457330826),
                ('/admin/menu/index', 2, NULL, NULL, NULL, 1457330826, 1457330826),
                ('/admin/menu/update', 2, NULL, NULL, NULL, 1457330826, 1457330826),
                ('/admin/menu/view', 2, NULL, NULL, NULL, 1457330826, 1457330826),
                ('/admin/permission/*', 2, NULL, NULL, NULL, 1457948575, 1457948575),
                ('/admin/permission/assign', 2, NULL, NULL, NULL, 1457330826, 1457330826),
                ('/admin/permission/create', 2, NULL, NULL, NULL, 1457330826, 1457330826),
                ('/admin/permission/delete', 2, NULL, NULL, NULL, 1457330826, 1457330826),
                ('/admin/permission/index', 2, NULL, NULL, NULL, 1457330826, 1457330826),
                ('/admin/permission/search', 2, NULL, NULL, NULL, 1457330826, 1457330826),
                ('/admin/permission/update', 2, NULL, NULL, NULL, 1457330826, 1457330826),
                ('/admin/permission/view', 2, NULL, NULL, NULL, 1457330826, 1457330826),
                ('/admin/role/*', 2, NULL, NULL, NULL, 1457330826, 1457330826),
                ('/admin/role/assign', 2, NULL, NULL, NULL, 1457330826, 1457330826),
                ('/admin/role/create', 2, NULL, NULL, NULL, 1457330826, 1457330826),
                ('/admin/role/delete', 2, NULL, NULL, NULL, 1457330826, 1457330826),
                ('/admin/role/index', 2, NULL, NULL, NULL, 1457330826, 1457330826),
                ('/admin/role/search', 2, NULL, NULL, NULL, 1457330826, 1457330826),
                ('/admin/role/update', 2, NULL, NULL, NULL, 1457330826, 1457330826),
                ('/admin/role/view', 2, NULL, NULL, NULL, 1457330826, 1457330826),
                ('/admin/route/*', 2, NULL, NULL, NULL, 1457330826, 1457330826),
                ('/admin/route/assign', 2, NULL, NULL, NULL, 1457330826, 1457330826),
                ('/admin/route/create', 2, NULL, NULL, NULL, 1457330826, 1457330826),
                ('/admin/route/index', 2, NULL, NULL, NULL, 1457330826, 1457330826),
                ('/admin/route/refresh', 2, NULL, NULL, NULL, 1457947924, 1457947924),
                ('/admin/route/search', 2, NULL, NULL, NULL, 1457330826, 1457330826),
                ('/admin/rule/*', 2, NULL, NULL, NULL, 1457330826, 1457330826),
                ('/admin/rule/create', 2, NULL, NULL, NULL, 1457330826, 1457330826),
                ('/admin/rule/delete', 2, NULL, NULL, NULL, 1457330826, 1457330826),
                ('/admin/rule/index', 2, NULL, NULL, NULL, 1457330826, 1457330826),
                ('/admin/rule/update', 2, NULL, NULL, NULL, 1457330826, 1457330826),
                ('/admin/rule/view', 2, NULL, NULL, NULL, 1457330826, 1457330826),
                ('/debug/*', 2, NULL, NULL, NULL, 1457330826, 1457330826),
                ('/debug/default/*', 2, NULL, NULL, NULL, 1457330826, 1457330826),
                ('/debug/default/db-explain', 2, NULL, NULL, NULL, 1457330826, 1457330826),
                ('/debug/default/download-mail', 2, NULL, NULL, NULL, 1457330826, 1457330826),
                ('/debug/default/index', 2, NULL, NULL, NULL, 1457330826, 1457330826),
                ('/debug/default/toolbar', 2, NULL, NULL, NULL, 1457330826, 1457330826),
                ('/debug/default/view', 2, NULL, NULL, NULL, 1457330826, 1457330826),
                ('/gii/*', 2, NULL, NULL, NULL, 1457330826, 1457330826),
                ('/gii/default/*', 2, NULL, NULL, NULL, 1457330826, 1457330826),
                ('/gii/default/action', 2, NULL, NULL, NULL, 1457330826, 1457330826),
                ('/gii/default/diff', 2, NULL, NULL, NULL, 1457330826, 1457330826),
                ('/gii/default/index', 2, NULL, NULL, NULL, 1457330826, 1457330826),
                ('/gii/default/preview', 2, NULL, NULL, NULL, 1457330826, 1457330826),
                ('/gii/default/view', 2, NULL, NULL, NULL, 1457330826, 1457330826),
                ('/site/*', 2, NULL, NULL, NULL, 1457330826, 1457330826),
                ('/site/error', 2, NULL, NULL, NULL, 1457330826, 1457330826),
                ('/site/index', 2, NULL, NULL, NULL, 1457330826, 1457330826),
                ('/site/login', 2, NULL, NULL, NULL, 1457330826, 1457330826),
                ('/site/logout', 2, NULL, NULL, NULL, 1457330826, 1457330826),
                ('/ad/index', 2, NULL, NULL, NULL, 1457330826, 1457330826),
                ('/ad/create', 2, NULL, NULL, NULL, 1457330826, 1457330826),
                ('/ad/update', 2, NULL, NULL, NULL, 1457330826, 1457330826),
                ('/ad/view', 2, NULL, NULL, NULL, 1457330826, 1457330826),
                ('/ad/uploadpic', 2, NULL, NULL, NULL, 1457330826, 1457330826),
                ('/ad/upload', 2, NULL, NULL, NULL, 1457330826, 1457330826),
                ('/policy/index', 2, NULL, NULL, NULL, 1457330826, 1457330826),
                ('/policy/create', 2, NULL, NULL, NULL, 1457330826, 1457330826),
                ('/policy/update', 2, NULL, NULL, NULL, 1457330826, 1457330826),
                ('/policy/view', 2, NULL, NULL, NULL, 1457330826, 1457330826),
                ('/policy/uploadpic', 2, NULL, NULL, NULL, 1457330826, 1457330826),
                ('/policy/upload', 2, NULL, NULL, NULL, 1457330826, 1457330826),
                ('/welfare/index', 2, NULL, NULL, NULL, 1457330826, 1457330826),
                ('/welfare/create', 2, NULL, NULL, NULL, 1457330826, 1457330826),
                ('/welfare/update', 2, NULL, NULL, NULL, 1457330826, 1457330826),
                ('/welfare/view', 2, NULL, NULL, NULL, 1457330826, 1457330826),
                ('/recruit/index', 2, NULL, NULL, NULL, 1457330826, 1457330826),
                ('/recruit/view', 2, NULL, NULL, NULL, 1457330826, 1457330826),
                ('/recruit/create', 2, NULL, NULL, NULL, 1457330826, 1457330826),
                ('/recruit/update', 2, NULL, NULL, NULL, 1457330826, 1457330826),
                ('/applier/index', 2, NULL, NULL, NULL, 1457330826, 1457330826),
                ('/applier/view', 2, NULL, NULL, NULL, 1457330826, 1457330826),
                ('/applier/create', 2, NULL, NULL, NULL, 1457330826, 1457330826),
                ('/applier/update', 2, NULL, NULL, NULL, 1457330826, 1457330826),
                ('/project/index', 2, NULL, NULL, NULL, 1457330826, 1457330826),
                ('/project/create', 2, NULL, NULL, NULL, 1457330826, 1457330826),
                ('/project/update', 2, NULL, NULL, NULL, 1457330826, 1457330826),
                ('/project/view', 2, NULL, NULL, NULL, 1457330826, 1457330826),
                ('/cooperation/index', 2, NULL, NULL, NULL, 1457330826, 1457330826),
                ('/cooperation/create', 2, NULL, NULL, NULL, 1457330826, 1457330826),
                ('/cooperation/update', 2, NULL, NULL, NULL, 1457330826, 1457330826),
                ('/cooperation/view', 2, NULL, NULL, NULL, 1457330826, 1457330826),
                ('/devplat/index', 2, NULL, NULL, NULL, 1457330826, 1457330826),
                ('/devplat/create', 2, NULL, NULL, NULL, 1457330826, 1457330826),
                ('/devplat/update', 2, NULL, NULL, NULL, 1457330826, 1457330826),
                ('/devplat/view', 2, NULL, NULL, NULL, 1457330826, 1457330826),
                ('/devtrends/index', 2, NULL, NULL, NULL, 1457330826, 1457330826),
                ('/devtrends/create', 2, NULL, NULL, NULL, 1457330826, 1457330826),
                ('/devtrends/update', 2, NULL, NULL, NULL, 1457330826, 1457330826),
                ('/devtrends/view', 2, NULL, NULL, NULL, 1457330826, 1457330826),
                ('/deviceshare/index', 2, NULL, NULL, NULL, 1457330826, 1457330826),
                ('/deviceshare/create', 2, NULL, NULL, NULL, 1457330826, 1457330826),
                ('/deviceshare/update', 2, NULL, NULL, NULL, 1457330826, 1457330826),
                ('/deviceshare/view', 2, NULL, NULL, NULL, 1457330826, 1457330826),
                ('/activity/index', 2, NULL, NULL, NULL, 1457330826, 1457330826),
                ('/activity/create', 2, NULL, NULL, NULL, 1457330826, 1457330826),
                ('/activity/update', 2, NULL, NULL, NULL, 1457330826, 1457330826),
                ('/activity/view', 2, NULL, NULL, NULL, 1457330826, 1457330826),
                ('/activity/upload', 2, NULL, NULL, NULL, 1457330826, 1457330826),
                ('/activity/uploadpic', 2, NULL, NULL, NULL, 1457330826, 1457330826),
                ('/talent/index', 2, NULL, NULL, NULL, 1457330826, 1457330826),
                ('/talent/create', 2, NULL, NULL, NULL, 1457330826, 1457330826),
                ('/talent/update', 2, NULL, NULL, NULL, 1457330826, 1457330826),
                ('/talent/view', 2, NULL, NULL, NULL, 1457330826, 1457330826),
                ('/demandinfo/index', 2, NULL, NULL, NULL, 1457330826, 1457330826),
                ('/demandinfo/create', 2, NULL, NULL, NULL, 1457330826, 1457330826),
                ('/demandinfo/update', 2, NULL, NULL, NULL, 1457330826, 1457330826),
                ('/demandinfo/view', 2, NULL, NULL, NULL, 1457330826, 1457330826),
                ('/news/index', 2, NULL, NULL, NULL, 1457330826, 1457330826),
                ('/news/create', 2, NULL, NULL, NULL, 1457330826, 1457330826),
                ('/news/update', 2, NULL, NULL, NULL, 1457330826, 1457330826),
                ('/news/delete', 2, NULL, NULL, NULL, 1457330826, 1457330826),
                ('/news/view', 2, NULL, NULL, NULL, 1457330826, 1457330826),
                ('/news/upload', 2, NULL, NULL, NULL, 1457330826, 1457330826),
                ('/news/uploadpic', 2, NULL, NULL, NULL, 1457330826, 1457330826),
                ('/hotel/index', 2, NULL, NULL, NULL, 1457330826, 1457330826),
                ('/hotel/view', 2, NULL, NULL, NULL, 1457330826, 1457330826),
                ('/hotel/create', 2, NULL, NULL, NULL, 1457330826, 1457330826),
                ('/hotel/update', 2, NULL, NULL, NULL, 1457330826, 1457330826),
                ('/room/index', 2, NULL, NULL, NULL, 1457330826, 1457330826),
                ('/room/view', 2, NULL, NULL, NULL, 1457330826, 1457330826),
                ('/room/create', 2, NULL, NULL, NULL, 1457330826, 1457330826),
                ('/room/update', 2, NULL, NULL, NULL, 1457330826, 1457330826),
                ('/order/index', 2, NULL, NULL, NULL, 1457330826, 1457330826),
                ('/order/create', 2, NULL, NULL, NULL, 1457330826, 1457330826),
                ('/order/update', 2, NULL, NULL, NULL, 1457330826, 1457330826),
                ('/order/view', 2, NULL, NULL, NULL, 1457330826, 1457330826),
                ('/scenic/index', 2, NULL, NULL, NULL, 1457330826, 1457330826),
                ('/scenicorder/index', 2, NULL, NULL, NULL, 1457330826, 1457330826),
                ('/vip/index', 2, NULL, NULL, NULL, 1457330826, 1457330826),
                ('/viporder/index', 2, NULL, NULL, NULL, 1457330826, 1457330826),
                ('/lifeservice/index', 2, NULL, NULL, NULL, 1457330826, 1457330826),
                ('/lifeservice/create', 2, NULL, NULL, NULL, 1457330826, 1457330826),
                ('/lifeservice/update', 2, NULL, NULL, NULL, 1457330826, 1457330826),
                ('/lifeservice/view', 2, NULL, NULL, NULL, 1457330826, 1457330826),
                ('/lifeservice/upload', 2, NULL, NULL, NULL, 1457330826, 1457330826),
                ('/lifeservice/uploadpic', 2, NULL, NULL, NULL, 1457330826, 1457330826),
                ('Admin', 1, 'Administrators', NULL, NULL, 1457084487, 1457947508),
                ('修改用户', 2, NULL, NULL, NULL, 1457522051, 1457522051),
                ('修改菜单', 2, NULL, NULL, NULL, 1457330464, 1457405433),
                ('删除权限', 2, NULL, NULL, NULL, 1457331320, 1457331320),
                ('删除菜单', 2, NULL, NULL, NULL, 1457330485, 1457330485),
                ('删除规则', 2, NULL, NULL, NULL, 1457331677, 1457331677),
                ('删除角色', 2, NULL, NULL, NULL, 1457331161, 1457331161),
                ('删除路由', 2, NULL, NULL, NULL, 1457331499, 1457331499),
                ('操作日志', 2, NULL, NULL, NULL, 1468288713, 1468288713),
                ('新增权限', 2, NULL, NULL, NULL, 1457331279, 1457331279),
                ('新增用户', 2, NULL, NULL, NULL, 1457433802, 1457433802),
                ('新增菜单', 2, NULL, NULL, NULL, 1457330445, 1457330445),
                ('新增规则', 2, NULL, NULL, NULL, 1457331552, 1457331610),
                ('新增角色', 2, NULL, NULL, NULL, 1457331075, 1457331075),
                ('新增路由', 2, NULL, NULL, NULL, 1457331386, 1457331386),
                ('更新权限', 2, NULL, NULL, NULL, 1457331303, 1457331303),
                ('更新规则', 2, NULL, NULL, NULL, 1457331647, 1457331647),
                ('更新角色', 2, NULL, NULL, NULL, 1457331126, 1457331126),
                ('更新路由', 2, NULL, NULL, NULL, 1457331492, 1457331492),
                ('权限分配', 2, NULL, NULL, NULL, 1457418746, 1457418746),
                ('权限管理', 2, NULL, NULL, NULL, 1457331258, 1457331258),
                ('查看操作日志', 2, NULL, NULL, NULL, 1468294314, 1468294314),
                ('查看权限', 2, NULL, NULL, NULL, 1457331342, 1457331342),
                ('查看用户权限', 2, NULL, NULL, NULL, 1457331965, 1457331965),
                ('查看菜单', 2, NULL, NULL, NULL, 1457330619, 1457330619),
                ('查看规则', 2, NULL, NULL, NULL, 1457331692, 1457331692),
                ('查看角色', 2, NULL, NULL, NULL, 1457331191, 1457331191),
                ('用户权限分配', 2, NULL, NULL, NULL, 1457333258, 1457333258),
                ('用户管理', 2, NULL, NULL, NULL, 1457079781, 1457331877),
                ('菜单管理', 2, NULL, NULL, NULL, 1457324314, 1457324314),
                ('规则管理', 2, NULL, NULL, NULL, 1457331529, 1457331529),
                ('角色权限分配', 2, NULL, NULL, NULL, 1457333688, 1457333688),
                ('角色管理', 2, NULL, NULL, NULL, 1457330790, 1457330790),
                ('路由分配', 2, NULL, NULL, NULL, 1457333742, 1457333742),
                ('路由管理', 2, NULL, NULL, NULL, 1457331368, 1457331368),
                ('广告列表', 2, NULL, NULL, NULL, 1457331368, 1457331368),
                ('新增广告', 2, NULL, NULL, NULL, 1457331368, 1457331368),
                ('修改广告', 2, NULL, NULL, NULL, 1457331368, 1457331368),
                ('预览广告', 2, NULL, NULL, NULL, 1457331368, 1457331368),
                ('上传广告图片', 2, NULL, NULL, NULL, 1457331368, 1457331368),
                ('上传广告内容', 2, NULL, NULL, NULL, 1457331368, 1457331368),
                ('人才政策', 2, NULL, NULL, NULL, 1457331368, 1457331368),
                ('新增政策', 2, NULL, NULL, NULL, 1457331368, 1457331368),
                ('修改政策', 2, NULL, NULL, NULL, 1457331368, 1457331368),
                ('预览政策', 2, NULL, NULL, NULL, 1457331368, 1457331368),
                ('上传人才政策图片', 2, NULL, NULL, NULL, 1457331368, 1457331368),
                ('上传人才政策内容', 2, NULL, NULL, NULL, 1457331368, 1457331368),
                ('待遇享受', 2, NULL, NULL, NULL, 1457331368, 1457331368),
                ('新增待遇', 2, NULL, NULL, NULL, 1457331368, 1457331368),
                ('修改待遇', 2, NULL, NULL, NULL, 1457331368, 1457331368),
                ('预览待遇', 2, NULL, NULL, NULL, 1457331368, 1457331368),
                ('招聘列表', 2, NULL, NULL, NULL, 1457331368, 1457331368),
                ('招聘详情', 2, NULL, NULL, NULL, 1457331368, 1457331368),
                ('新增招聘信息', 2, NULL, NULL, NULL, 1457331368, 1457331368),
                ('修改招聘信息', 2, NULL, NULL, NULL, 1457331368, 1457331368),
                ('应聘列表', 2, NULL, NULL, NULL, 1457331368, 1457331368),
                ('应聘详情', 2, NULL, NULL, NULL, 1457331368, 1457331368),
                ('申报中心', 2, NULL, NULL, NULL, 1457331368, 1457331368),
                ('新增申报中心', 2, NULL, NULL, NULL, 1457331368, 1457331368),
                ('修改申报中心', 2, NULL, NULL, NULL, 1457331368, 1457331368),
                ('预览申报中心', 2, NULL, NULL, NULL, 1457331368, 1457331368),
                ('项目合作', 2, NULL, NULL, NULL, 1457331368, 1457331368),
                ('新增项目合作', 2, NULL, NULL, NULL, 1457331368, 1457331368),
                ('修改项目合作', 2, NULL, NULL, NULL, 1457331368, 1457331368),
                ('预览项目合作', 2, NULL, NULL, NULL, 1457331368, 1457331368),
                ('科研平台', 2, NULL, NULL, NULL, 1457331368, 1457331368),
                ('新增科研平台', 2, NULL, NULL, NULL, 1457331368, 1457331368),
                ('修改科研平台', 2, NULL, NULL, NULL, 1457331368, 1457331368),
                ('预览科研平台', 2, NULL, NULL, NULL, 1457331368, 1457331368),
                ('科研动态', 2, NULL, NULL, NULL, 1457331368, 1457331368),
                ('新增科研动态', 2, NULL, NULL, NULL, 1457331368, 1457331368),
                ('修改科研动态', 2, NULL, NULL, NULL, 1457331368, 1457331368),
                ('预览科研动态', 2, NULL, NULL, NULL, 1457331368, 1457331368),
                ('设备共享', 2, NULL, NULL, NULL, 1457331368, 1457331368),
                ('新增设备共享', 2, NULL, NULL, NULL, 1457331368, 1457331368),
                ('修改设备共享', 2, NULL, NULL, NULL, 1457331368, 1457331368),
                ('预览设备共享', 2, NULL, NULL, NULL, 1457331368, 1457331368),
                ('交流培训', 2, NULL, NULL, NULL, 1457331368, 1457331368),
                ('新增交流培训', 2, NULL, NULL, NULL, 1457331368, 1457331368),
                ('修改交流培训', 2, NULL, NULL, NULL, 1457331368, 1457331368),
                ('预览交流培训', 2, NULL, NULL, NULL, 1457331368, 1457331368),
                ('上传交流培训图片', 2, NULL, NULL, NULL, 1457331368, 1457331368),
                ('上传交流培训内容', 2, NULL, NULL, NULL, 1457331368, 1457331368),
                ('人才展示', 2, NULL, NULL, NULL, 1457331368, 1457331368),
                ('新增人才展示', 2, NULL, NULL, NULL, 1457331368, 1457331368),
                ('修改人才展示', 2, NULL, NULL, NULL, 1457331368, 1457331368),
                ('预览人才展示', 2, NULL, NULL, NULL, 1457331368, 1457331368),
                ('供需信息', 2, NULL, NULL, NULL, 1457331368, 1457331368),
                ('新增供需信息', 2, NULL, NULL, NULL, 1457331368, 1457331368),
                ('修改供需信息', 2, NULL, NULL, NULL, 1457331368, 1457331368),
                ('预览供需信息', 2, NULL, NULL, NULL, 1457331368, 1457331368),
                ('资讯列表', 2, NULL, NULL, NULL, 1457331368, 1457331368),
                ('新增资讯', 2, NULL, NULL, NULL, 1457331368, 1457331368),
                ('修改资讯', 2, NULL, NULL, NULL, 1457331368, 1457331368),
                ('删除资讯', 2, NULL, NULL, NULL, 1457331368, 1457331368),
                ('预览资讯', 2, NULL, NULL, NULL, 1457331368, 1457331368),
                ('上传资讯图片', 2, NULL, NULL, NULL, 1457331368, 1457331368),
                ('上传资讯内容', 2, NULL, NULL, NULL, 1457331368, 1457331368),
                ('酒店列表', 2, NULL, NULL, NULL, 1457331368, 1457331368),
                ('酒店详情', 2, NULL, NULL, NULL, 1457331368, 1457331368),
                ('新增酒店', 2, NULL, NULL, NULL, 1457331368, 1457331368),
                ('修改酒店', 2, NULL, NULL, NULL, 1457331368, 1457331368),
                ('房间列表', 2, NULL, NULL, NULL, 1457331368, 1457331368),
                ('房间信息详情', 2, NULL, NULL, NULL, 1457331368, 1457331368),
                ('新增房间信息', 2, NULL, NULL, NULL, 1457331368, 1457331368),
                ('修改房间信息', 2, NULL, NULL, NULL, 1457331368, 1457331368),
                ('订单列表', 2, NULL, NULL, NULL, 1457331368, 1457331368),
                ('新增订单', 2, NULL, NULL, NULL, 1457331368, 1457331368),
                ('修改订单', 2, NULL, NULL, NULL, 1457331368, 1457331368),
                ('预览订单', 2, NULL, NULL, NULL, 1457331368, 1457331368),
                ('景区列表', 2, NULL, NULL, NULL, 1457331368, 1457331368),
                ('景区订单列表', 2, NULL, NULL, NULL, 1457331368, 1457331368),
                ('VIP通道列表', 2, NULL, NULL, NULL, 1457331368, 1457331368),
                ('VIP通道订单', 2, NULL, NULL, NULL, 1457331368, 1457331368),
                ('其他服务列表', 2, NULL, NULL, NULL, 1457331368, 1457331368),
                ('新增其他服务', 2, NULL, NULL, NULL, 1457331368, 1457331368),
                ('修改其他服务', 2, NULL, NULL, NULL, 1457331368, 1457331368),
                ('预览其他服务', 2, NULL, NULL, NULL, 1457331368, 1457331368),
                ('上传其他服务图片', 2, NULL, NULL, NULL, 1457331368, 1457331368),
                ('上传其他服务内容', 2, NULL, NULL, NULL, 1457331368, 1457331368);


INSERT INTO `auth_assignment` VALUES ('Admin','1',1457092343);
INSERT INTO `auth_assignment` VALUES ('Admin','2',1457092343);

INSERT INTO `auth_item_child` (`parent`, `child`) VALUES
                ('用户权限分配', '/admin/assignment/assign'),
                ('新增用户', '/admin/assignment/create'),
                ('用户管理', '/admin/assignment/index'),
                ('查看用户权限', '/admin/assignment/search'),
                ('修改用户', '/admin/assignment/update'),
                ('查看用户权限', '/admin/assignment/view'),
                ('操作日志', '/admin/log/index'),
                ('查看操作日志', '/admin/log/view'),
                ('新增菜单', '/admin/menu/create'),
                ('删除菜单', '/admin/menu/delete'),
                ('菜单管理', '/admin/menu/index'),
                ('修改菜单', '/admin/menu/update'),
                ('查看菜单', '/admin/menu/view'),
                ('权限分配', '/admin/permission/assign'),
                ('新增权限', '/admin/permission/create'),
                ('删除权限', '/admin/permission/delete'),
                ('权限管理', '/admin/permission/index'),
                ('查看权限', '/admin/permission/search'),
                ('更新权限', '/admin/permission/update'),
                ('查看权限', '/admin/permission/view'),
                ('角色权限分配', '/admin/role/assign'),
                ('新增角色', '/admin/role/create'),
                ('删除角色', '/admin/role/delete'),
                ('角色管理', '/admin/role/index'),
                ('查看角色', '/admin/role/search'),
                ('更新角色', '/admin/role/update'),
                ('查看角色', '/admin/role/view'),
                ('路由分配', '/admin/route/assign'),
                ('新增路由', '/admin/route/create'),
                ('查看规则', '/admin/route/index'),
                ('查看规则', '/admin/route/search'),
                ('新增规则', '/admin/rule/create'),
                ('删除规则', '/admin/rule/delete'),
                ('规则管理', '/admin/rule/index'),
                ('路由管理', '/admin/rule/index'),
                ('更新规则', '/admin/rule/update'),
                ('广告列表', '/ad/index'),
                ('新增广告', '/ad/create'),
                ('修改广告', '/ad/update'),
                ('预览广告', '/ad/view'),
                ('上传广告图片', '/ad/uploadpic'),
                ('上传广告内容', '/ad/upload'),
                ('人才政策', '/policy/index'),
                ('新增政策', '/policy/create'),
                ('修改政策', '/policy/update'),
                ('预览政策', '/policy/view'),
                ('上传人才政策图片', '/policy/uploadpic'),
                ('上传人才政策内容', '/policy/upload'),
                ('待遇享受', '/welfare/index'),
                ('新增待遇', '/welfare/create'),
                ('修改待遇', '/welfare/update'),
                ('预览待遇', '/welfare/view'),
                ('招聘列表', '/recruit/index'),
                ('招聘详情', '/recruit/view'),
                ('新增招聘信息', '/recruit/create'),
                ('修改招聘信息', '/recruit/update'),
                ('应聘列表', '/applier/index'),
                ('应聘详情', '/applier/view'),
                ('申报中心', '/project/index'),
                ('新增申报中心', '/project/create'),
                ('修改申报中心', '/project/update'),
                ('预览申报中心', '/project/view'),
                ('项目合作', '/cooperation/index'),
                ('新增项目合作', '/cooperation/create'),
                ('修改项目合作', '/cooperation/update'),
                ('预览项目合作', '/cooperation/view'),
                ('科研平台', '/devplat/index'),
                ('新增科研平台', '/devplat/create'),
                ('修改科研平台', '/devplat/update'),
                ('预览科研平台', '/devplat/view'),
                ('科研动态', '/devtrends/index'),
                ('新增科研动态', '/devtrends/create'),
                ('修改科研动态', '/devtrends/update'),
                ('预览科研动态', '/devtrends/view'),
                ('设备共享', '/deviceshare/index'),
                ('新增设备共享', '/deviceshare/create'),
                ('修改设备共享', '/deviceshare/update'),
                ('预览设备共享', '/deviceshare/view'),
                ('交流培训', '/activity/index'),
                ('新增交流培训', '/activity/create'),
                ('修改交流培训', '/activity/update'),
                ('预览交流培训', '/activity/view'),
                ('上传交流培训图片', '/activity/uploadpic'),
                ('上传交流培训内容', '/activity/upload'),
                ('人才展示', '/talent/index'),
                ('新增人才展示', '/talent/create'),
                ('修改人才展示', '/talent/update'),
                ('预览人才展示', '/talent/view'),
                ('供需信息', '/demandinfo/index'),
                ('新增供需信息', '/demandinfo/create'),
                ('修改供需信息', '/demandinfo/update'),
                ('预览供需信息', '/demandinfo/view'),
                ('资讯列表', '/news/index'),
                ('新增资讯', '/news/create'),
                ('修改资讯', '/news/update'),
                ('删除资讯', '/news/delete'),
                ('预览资讯', '/news/view'),
                ('上传资讯图片', '/news/uploadpic'),
                ('上传资讯内容', '/news/upload'),
                ('酒店列表', '/hotel/index'),
                ('新增酒店', '/hotel/create'),
                ('修改酒店', '/hotel/update'),
                ('酒店详情', '/hotel/view'),
                ('房间列表', '/room/index'),
                ('新增房间信息', '/room/create'),
                ('修改房间信息', '/room/update'),
                ('房间信息详情', '/room/view'),
                ('订单列表', '/order/index'),
                ('新增订单', '/order/create'),
                ('修改订单', '/order/update'),
                ('预览订单', '/order/view'),
                ('景区列表', '/scenic/index'),
                ('景区订单列表', '/scenicorder/index'),
                ('VIP通道列表', '/vip/index'),
                ('VIP通道订单', '/viporder/index'),
                ('其他服务列表', '/lifeservice/index'),
                ('新增其他服务', '/lifeservice/create'),
                ('修改其他服务', '/lifeservice/update'),
                ('预览其他服务', '/lifeservice/view'),
                ('上传其他服务图片', '/lifeservice/uploadpic'),
                ('上传其他服务内容', '/lifeservice/upload'),
                ('Admin', '修改用户'),
                ('Admin', '修改菜单'),
                ('Admin', '删除权限'),
                ('Admin', '删除菜单'),
                ('Admin', '删除规则'),
                ('Admin', '删除角色'),
                ('Admin', '删除路由'),
                ('Admin', '操作日志'),
                ('Admin', '新增权限'),
                ('Admin', '新增用户'),
                ('Admin', '新增菜单'),
                ('Admin', '新增规则'),
                ('Admin', '新增角色'),
                ('Admin', '新增路由'),
                ('Admin', '更新权限'),
                ('Admin', '更新规则'),
                ('Admin', '更新角色'),
                ('Admin', '更新路由'),
                ('Admin', '权限分配'),
                ('Admin', '权限管理'),
                ('Admin', '查看操作日志'),
                ('Admin', '查看权限'),
                ('Admin', '查看用户权限'),
                ('Admin', '查看菜单'),
                ('Admin', '查看规则'),
                ('Admin', '查看角色'),
                ('Admin', '用户权限分配'),
                ('Admin', '用户管理'),
                ('Admin', '菜单管理'),
                ('Admin', '规则管理'),
                ('Admin', '角色权限分配'),
                ('Admin', '角色管理'),
                ('Admin', '路由分配'),
                ('Admin', '路由管理'),
                ('Admin', '广告列表'),
                ('Admin', '新增广告'),
                ('Admin', '修改广告'),
                ('Admin', '预览广告'),
                ('Admin', '上传广告图片'),
                ('Admin', '上传广告内容'),
                ('Admin', '人才政策'),
                ('Admin', '新增政策'),
                ('Admin', '修改政策'),
                ('Admin', '预览政策'),
                ('Admin', '上传人才政策图片'),
                ('Admin', '上传人才政策内容'),
                ('Admin', '待遇享受'),
                ('Admin', '新增待遇'),
                ('Admin', '修改待遇'),
                ('Admin', '预览待遇'),
                ('Admin', '招聘列表'),
                ('Admin', '招聘详情'),
                ('Admin', '新增招聘信息'),
                ('Admin', '修改招聘信息'),
                ('Admin', '应聘列表'),
                ('Admin', '应聘详情'),
                ('Admin', '申报中心'),
                ('Admin', '新增申报中心'),
                ('Admin', '修改申报中心'),
                ('Admin', '预览申报中心'),
                ('Admin', '项目合作'),
                ('Admin', '新增项目合作'),
                ('Admin', '修改项目合作'),
                ('Admin', '预览项目合作'),
                ('Admin', '科研平台'),
                ('Admin', '新增科研平台'),
                ('Admin', '修改科研平台'),
                ('Admin', '预览科研平台'),
                ('Admin', '科研动态'),
                ('Admin', '新增科研动态'),
                ('Admin', '修改科研动态'),
                ('Admin', '预览科研动态'),
                ('Admin', '设备共享'),
                ('Admin', '新增设备共享'),
                ('Admin', '修改设备共享'),
                ('Admin', '预览设备共享'),
                ('Admin', '交流培训'),
                ('Admin', '新增交流培训'),
                ('Admin', '修改交流培训'),
                ('Admin', '预览交流培训'),
                ('Admin', '上传交流培训图片'),
                ('Admin', '上传交流培训内容'),
                ('Admin', '人才展示'),
                ('Admin', '新增人才展示'),
                ('Admin', '修改人才展示'),
                ('Admin', '预览人才展示'),
                ('Admin', '供需信息'),
                ('Admin', '新增供需信息'),
                ('Admin', '修改供需信息'),
                ('Admin', '预览供需信息'),
                ('Admin', '资讯列表'),
                ('Admin', '新增资讯'),
                ('Admin', '修改资讯'),
                ('Admin', '删除资讯'),
                ('Admin', '预览资讯'),
                ('Admin', '上传资讯图片'),
                ('Admin', '上传资讯内容'),
                ('Admin', '酒店列表'),
                ('Admin', '酒店详情'),
                ('Admin', '新增酒店'),
                ('Admin', '修改酒店'),
                ('Admin', '房间列表'),
                ('Admin', '房间信息详情'),
                ('Admin', '新增房间信息'),
                ('Admin', '修改房间信息'),
                ('Admin', '订单列表'),
                ('Admin', '新增订单'),
                ('Admin', '修改订单'),
                ('Admin', '预览订单'),
                ('Admin', '景区列表'),
                ('Admin', '景区订单列表'),
                ('Admin', 'VIP通道列表'),
                ('Admin', 'VIP通道订单'),
                ('Admin', '其他服务列表'),
                ('Admin', '新增其他服务'),
                ('Admin', '修改其他服务'),
                ('Admin', '预览其他服务'),
                ('Admin', '上传其他服务图片'),
                ('Admin', '上传其他服务内容');